osm_id|lat|lon|name
974103411|52.0638232|20.4292508|1 Maja/Baza PKS
1822002652|52.0720384|20.4361413|Marii Nietrzebki
1822002663|52.0723100|20.4410577|Parkingowa Pętla
1822002670|52.0680381|20.4409104|Kpt. Pałaca
1822002823|52.0723067|20.4409271|Parkingowa Pętla
1822002826|52.0680707|20.4410011|Kpt. Pałaca
1822002885|52.0719660|20.4360161|Marii Nietrzebki
1832529706|52.0207194|20.4810896|
1832529707|52.0245758|20.4751519|
1832529714|52.0726852|20.4195274|
1873255835|52.0307690|20.4650021|Korytów
2699768039|52.0868237|20.3833921|Plac Wolności
3024844147|52.0655362|20.4441804|F. de Girarda
3024844148|52.0657814|20.4439616|F. de Girarda
5142652671|52.0562256|20.4448178|Al. Partyzantów/PDT
5143018243|52.0542672|20.4295846|Limanowskiego/Legionów
5545026926|52.0686701|20.4297417|Spółdzielcza
5545026931|52.0686906|20.4296180|Spółdzielcza
5545026937|52.0677579|20.4361614|Skrowaczewskiego/Nietrzebki
5545026942|52.0679367|20.4347040|Skrowaczewskiego/Nietrzebki
5545026974|52.0615163|20.4484325|Żyrardów Środkowa / Limanowskiego
5545026979|52.0616598|20.4482663|Żyrardów Środkowa / Limanowskiego
5545026984|52.0590686|20.4511775|Żyrardów Środkowa / Mireckiego
5545026989|52.0589804|20.4512738|Żyrardów Środkowa / Mireckiego
5545026991|52.0566679|20.4538488|Żyrardów Środkowa / Bohaterów Warszawy
5545026996|52.0562372|20.4543278|Żyrardów Środkowa / Bohaterów Warszawy
5545027014|52.0523945|20.4471445|Żyrardów PKP
5545154934|52.0508926|20.4426926|Polskiej Organizacji Wojskowej
5545154939|52.0509458|20.4428283|Polskiej Organizacji Wojskowej
5545154947|52.0494862|20.4393264|Radziwiłłowska
5545154950|52.0484089|20.4358801|Radziwiłłowska
5545154952|52.0508947|20.4300989|Sikorskiego/Mostowa
5545154957|52.0508635|20.4301274|Sikorskiego/Mostowa
5545154959|52.0516952|20.4293815|Sikorskiego/Konarskiego
5545154965|52.0524546|20.4286962|Sikorskiego/Konarskiego
5545154967|52.0539690|20.4270819|Wittenberga k. Żabki
5545154975|52.0538174|20.4272223|Wittenberga k. Żabki
5545154982|52.0558325|20.4279288|Wittenberga
5545154988|52.0559346|20.4280012|Wittenberga
5545154993|52.0574392|20.4246391|Żeromskiego/Piastowska
5545154995|52.0576399|20.4235304|Żeromskiego/Piastowska
5545154998|52.0583482|20.4196518|Żeromskiego/Krzywa
5545155003|52.0588980|20.4166318|Żeromskiego/Krzywa
5545155008|52.0593292|20.4142039|Żeromskiego/Poznańska
5547300231|52.0583932|20.4855208|Międzyborów/Pętla
5547300239|52.0589608|20.4812766|Międzyborów
5547300244|52.0591180|20.4795733|Międzyborów
5547300250|52.0568383|20.4676702|Jaktorowska/Sade
5547300255|52.0565665|20.4670856|Jaktorowska/Sade
5547300260|52.0532666|20.4635920|Dąbrowskiego/Południowa
5547300265|52.0532159|20.4634562|Dąbrowskiego/Południowa
5547300270|52.0506713|20.4567070|Dąbrowskiego/Lelewela
5547300275|52.0507720|20.4569767|Dąbrowskiego/Lelewela
5547300280|52.0493233|20.4479714|Jaktorowska/1 Maja
5547300285|52.0494343|20.4483243|Jaktorowska/1 Maja
5547300298|52.0520942|20.4362149|Okrzei/Wyspiańskiego
5547300303|52.0521134|20.4362764|Okrzei/Wyspiańskiego
5547300308|52.0496249|20.4385144|Wyspiańskiego
5547300313|52.0559874|20.4450702|Al. Partyzantów/PDT
5547300625|52.0578655|20.4474029|Mireckiego/Ossowskiego
5547300627|52.0580316|20.4478051|Mireckiego/Ossowskiego
5547300632|52.0646798|20.4449767|Żyrardów Środkowa / Kilińskiego
5547300637|52.0646184|20.4450380|Żyrardów Środkowa / Kilińskiego
5547300642|52.0661184|20.4468875|Żyrardów Jedności Robotniczej
5547300644|52.0660786|20.4468135|Żyrardów Jedności Robotniczej
5547300649|52.0682399|20.4481706|R. Witolda Pileckiego
5547300654|52.0679169|20.4485559|R. Witolda Pileckiego
5547300660|52.0659075|20.4403095|I. Zielińskiej
5547300669|52.0619902|20.4440262|Ossowskiego/Waryńskiego
5547300674|52.0610691|20.4450974|Ossowskiego/Limanowskiego
5547300679|52.0585582|20.4403351|Limanowskiego/Szpital
5547300684|52.0582522|20.4395934|Limanowskiego/Szpital
5547300689|52.0576406|20.4361888|1 Maja/Waryńskiego
5547300696|52.0567204|20.4359037|Limanowskiego/Armii Krajowej
5547300703|52.0558919|20.4339816|Limanowskiego/Dittricha
5547300713|52.0550233|20.4317952|Limanowskiego/Legionów
5547300725|52.0545130|20.4232604|Słoneczna
5547300735|52.0552853|20.4267650|Legionów Polskich/Wittenberga
5547300743|52.0549533|20.4234257|A. Struga
5547375019|52.0549247|20.4403733|Mireckiego/1 Maja
5547376126|52.0563198|20.4376312|1 Maja/Carrefour
5547557069|52.0368025|20.4588916|Mickiewicza
5547557074|52.0362158|20.4594881|Mickiewicza
5547557080|52.0395510|20.4561188|Mickiewicza/Roszarnicza
5547557086|52.0402739|20.4553015|Mickiewicza/Roszarnicza
5547557094|52.0421739|20.4532274|Mickiewicza/Wrocławska
5547557102|52.0433013|20.4519317|Mickiewicza/Wrocławska
5547557108|52.0464838|20.4484249|Mickiewicza/Kanałowa
5547557113|52.0474801|20.4473016|Mickiewicza/Kanałowa
5547557115|52.0463813|20.4421534|Opolska/Reymonta
5547557421|52.0433304|20.4453047|Opolska/Rolna
5547557423|52.0418538|20.4421187|P. Skargi/Rolna
5547557425|52.0453526|20.4385987|Piotra Skargi/Reymonta
5547557431|52.0473405|20.4423941|Reymonta
5547557438|52.0480340|20.4442025|Reymonta
5547557443|52.0551587|20.4409335|Mireckiego/1 Maja
5547557450|52.0529150|20.4265374|Konarskiego
5547557455|52.0508587|20.4287326|Mostowa
5547557460|52.0504645|20.4269721|Sosabowskiego
5547557462|52.0487498|20.4230176|Mostowa Pętla
5547647744|52.0504652|20.4348061|Batorego
5547647746|52.0537916|20.4307364|Legionów Polskich/Szkoła
5547647751|52.0582364|20.4383437|Narutowicza
5547647758|52.0606875|20.4357531|Jasna/Szkoła
5547647763|52.0616756|20.4340573|Piękna
5547647768|52.0613925|20.4335521|Piękna
5547647774|52.0680719|20.4253845|Skrowaczewskiego/1 Maja
5547681789|52.0532593|20.4312169|Legionów Polskich/Szkoła
5547720460|52.0608019|20.4634236|R. Dmowskiego
5547720462|52.0589637|20.4596395|R. Dmowskiego/Spacerowa
5547720464|52.0585751|20.4589462|Bohaterów/Spacerowa
5547720468|52.0567275|20.4559664|Bohaterów/Szkoła
5547720470|52.0561660|20.4549740|Bohaterów/Piaskowa
8850578056|52.0892834|20.3710622|Cmentarz
9045689526|52.0525627|20.4492067|Żyrardów
9045689527|52.0525622|20.4493533|Żyrardów
9045689528|52.0524571|20.4494463|Żyrardów
9045689529|52.0632056|20.4812015|Międzyborów
9045689530|52.0638196|20.4831734|Międzyborów
11525704801|52.0726452|20.4193961|Stare Kozłowice I
11525704802|52.0820465|20.4119061|Stare Kozłowice II
11525704804|52.0886365|20.3950030|Zagródź
11525704805|52.0887218|20.3935437|Zagródź
11525704806|52.0868238|20.3822738|Plac Wolności
11525825444|52.0721362|20.4199704|Stare Kozłowice I
11525825445|52.0631395|20.4300232|1 Maja/Baza PKS
11533905072|52.0523890|20.4474859|Żyrardów PKP
13448771788|52.0633086|20.4463545|Żyrardów Środkowa / Kilińskiego
13448771791|52.0633479|20.4463133|Żyrardów Środkowa / Kilińskiego
